ID,Precio,MetrosCuadrados,Habitaciones,Baños
1,154500,1068,3,1
2,325000,2622,3,2
3,115000,1028,2,1
4,159000,1664,3,2
5,315500,1620,2,2
6,75500,630,1,1
7,311500,1954,3,1
8,146000,1456,3,2
9,84500,630,1,1
10,135500,1393,3,1
11,145000,1477,3,2
12,130000,874,3,1
13,81000,894,2,1
14,214000,1535,3,2
15,181000,1690,3,2
16,134500,1008,2,1
17,183500,1720,3,2
18,135000,1134,2,1
19,118400,1012,2,1
20,226000,1479,3,2
21,155000,1803,3,2
22,210000,1590,3,2
23,173500,1476,3,2
24,129000,936,2,1
25,192000,1431,3,2
26,153900,1199,2,2
27,181134,1340,3,2
28,141000,864,2,1
29,181000,1604,3,2
30,208900,1352,2,2
